nickname,datetime
쿠키,2025-02-25 10:07
빙봉,2025-02-25 10:06
빙티,2025-02-25 10:06
짱수,2025-02-25 10:00
이든,2025-02-24 13:08
빙봉,2025-02-24 13:40
빙티,2025-02-24 13:02
쿠키,2025-02-24 13:50
짱수,2025-02-24 13:00
빙티,2025-02-21 10:07
이든,2025-02-21 10:06
쿠키,2025-02-21 10:35
빙봉,2025-02-21 10:03
짱수,2025-02-21 10:31
빙봉,2025-02-20 10:06
이든,2025-02-20 10:02
쿠키,2025-02-20 10:01
빙티,2025-02-20 10:00
짱수,2025-02-20 10:00
빙봉,2025-02-19 10:06
이든,2025-02-19 10:02
쿠키,2025-02-19 10:01
빙티,2025-02-19 10:00
짱수,2025-02-19 10:00
쿠키,2025-02-18 10:31
빙봉,2025-02-18 09:50
빙티,2025-02-18 10:00
이든,2025-02-18 10:05
쿠키,2025-02-17 13:08
빙봉,2025-02-17 13:07
빙티,2025-02-17 13:07
이든,2025-02-17 13:07
빙봉,2025-02-14 11:11
이든,2025-02-14 10:06
짱수,2025-02-14 10:00
빙봉,2025-02-13 10:02
쿠키,2025-02-13 10:02
빙티,2025-02-12 10:08
빙봉,2025-02-12 10:06
이든,2025-02-12 10:02
쿠키,2025-02-12 10:01
짱수,2025-02-12 10:00
쿠키,2025-02-10 13:03
빙봉,2025-02-10 13:02
이든,2025-02-10 13:01
짱수,2025-02-10 13:00
빙봉,2025-02-07 10:08
이든,2025-02-07 10:07
빙티,2025-02-07 10:01
짱수,2025-02-07 10:00
쿠키,2025-02-06 10:07
빙봉,2025-02-06 10:06
빙티,2025-02-06 10:06
짱수,2025-02-06 10:00
이든,2025-02-05 10:08
빙봉,2025-02-05 10:07
빙티,2025-02-05 10:02
쿠키,2025-02-05 10:02
짱수,2025-02-05 10:00
빙티,2025-02-04 10:07
이든,2025-02-04 10:06
쿠키,2025-02-04 10:06
빙봉,2025-02-04 10:03
짱수,2025-02-04 10:00
빙봉,2025-02-03 13:06
이든,2025-02-03 13:02
쿠키,2025-02-03 13:01
빙티,2025-02-03 13:00
짱수,2025-02-03 13:00
