nickname,datetime
쿠키,2025-02-03 08:50
쿠키,2025-02-04 08:50
쿠키,2025-02-05 08:50
쿠키,2025-02-06 08:50
쿠키,2025-02-07 08:50
쿠키,2025-02-10 08:50
쿠키,2025-02-11 08:50
쿠키,2025-02-12 08:50
쿠키,2025-02-13 08:50
쿠키,2025-02-14 08:50
쿠키,2025-02-17 08:50
쿠키,2025-02-18 08:50
쿠키,2025-02-19 08:50
쿠키,2025-02-20 08:50
쿠키,2025-02-21 08:50
쿠키,2025-02-24 08:50
빙봉,2025-02-03 08:50
빙봉,2025-02-04 08:50
빙봉,2025-02-05 08:50
빙봉,2025-02-06 08:50
빙봉,2025-02-07 08:50
빙봉,2025-02-10 08:50
빙봉,2025-02-11 08:50
빙봉,2025-02-12 08:50
빙봉,2025-02-13 08:50
빙봉,2025-02-14 08:50
빙봉,2025-02-17 08:50
빙봉,2025-02-18 08:50
빙봉,2025-02-19 08:50
빙봉,2025-02-20 10:05
빙봉,2025-02-21 10:05
빙봉,2025-02-24 13:05
빙티,2025-02-03 08:50
빙티,2025-02-04 08:50
빙티,2025-02-05 08:50
빙티,2025-02-06 08:50
빙티,2025-02-07 08:50
빙티,2025-02-10 08:50
빙티,2025-02-11 08:50
빙티,2025-02-12 08:50
빙티,2025-02-13 08:50
빙티,2025-02-14 08:50
빙티,2025-02-17 08:50
빙티,2025-02-18 08:50
빙티,2025-02-19 10:05
이든,2025-02-03 08:50
이든,2025-02-04 08:50
이든,2025-02-05 08:50
이든,2025-02-06 08:50
이든,2025-02-07 08:50
이든,2025-02-10 08:50
이든,2025-02-11 08:50
이든,2025-02-12 08:50
이든,2025-02-13 08:50
이든,2025-02-14 08:50
이든,2025-02-17 08:50
이든,2025-02-18 10:05
이든,2025-02-19 10:05
인티,2025-02-03 08:50
인티,2025-02-04 08:50
인티,2025-02-05 08:50
인티,2025-02-06 08:50
인티,2025-02-07 08:50
인티,2025-02-10 08:50
인티,2025-02-11 08:50
인티,2025-02-12 08:50
인티,2025-02-13 08:50
인티,2025-02-14 08:50
인티,2025-02-17 08:50
인티,2025-02-18 10:05
인티,2025-02-19 10:05
